"RACK 0, 6ES7 400-1JA01-0AA0, UR2"
"RACK 0, SLOT 1, 6ES7 407-0DA02-0AA0, PS 407 4A"
"RACK 0, SLOT 4, 6ES7 414-3XM05-0AB0 V5.3, CPU 414-3 DP"
"RACK 0, SLOT 4, SUBSLOT 1, _S7H_HSP_DP_INTEGR_414_3XM05_FW53_CT, DP"
"RACK 0, SLOT 4, SUBSLOT 2, _S7H_HSP_MPI_DPI_414_3XM05_FW53_CT, MPI/DP"
"RACK 0, SLOT 4, SUBSLOT 3, 6ES7 964-2AA04-0AB0, IF 964-DP"
"RACK 0, SLOT 6, 6GK7 443-1EX20-0XE0 V2.1, CP 443-1"
"RACK 0, SLOT 6, SUBSLOT 1, _S7H_6GK7_443_1EX20_V21_IF_CT, PN-IO"
"RACK 0, SLOT 6, SUBSLOT 2, _S7H_6GK7_443_1EX20_V21_PORT_CT, Port 1"
"RACK 0, SLOT 6, SUBSLOT 3, _S7H_6GK7_443_1EX20_V21_PORT_CT, Port 2"
"MASTER DPSUBSYSTEM 1, DP11, DPADDRESS 2"
"MASTER DPSUBSYSTEM 2, DP12, DPADDRESS 2"
"DPSUBSYSTEM 1, DP11: DP master system (1)"
"DPSUBSYSTEM 1, DPADDRESS 4, 6ES7 151-1AA05-0AB0, IM151-1 Standard"
"DPSUBSYSTEM 1, DPADDRESS 4, SLOT 1, 6ES7 138-4CA01-0AA0, PM-E DC24V"
"DPSUBSYSTEM 1, DPADDRESS 4, SLOT 2, 6ES7 134-4GB01-0AB0, 2AI I 2WIRE ST"
"DPSUBSYSTEM 1, DPADDRESS 4, SLOT 3, 6ES7 134-4GB01-0AB0, 2AI I 2WIRE ST"
"DPSUBSYSTEM 1, DPADDRESS 4, SLOT 4, 6ES7 134-4GB01-0AB0, 2AI I 2WIRE ST"
"DPSUBSYSTEM 1, DPADDRESS 4, SLOT 5, 6ES7 134-4GB01-0AB0, 2AI I 2WIRE ST"
"DPSUBSYSTEM 1, DPADDRESS 4, SLOT 6, 6ES7 134-4GB01-0AB0, 2AI I 2WIRE ST"
"DPSUBSYSTEM 1, DPADDRESS 4, SLOT 7, 6ES7 134-4GB01-0AB0, 2AI I 2WIRE ST"
"DPSUBSYSTEM 1, DPADDRESS 4, SLOT 8, 6ES7 134-4GB01-0AB0, 2AI I 2WIRE ST"
"DPSUBSYSTEM 1, DPADDRESS 4, SLOT 9, 6ES7 134-4GB01-0AB0, 2AI I 2WIRE ST"
"DPSUBSYSTEM 1, DPADDRESS 4, SLOT 10, 6ES7 134-4GB01-0AB0, 2AI I 2WIRE ST"
"DPSUBSYSTEM 1, DPADDRESS 4, SLOT 11, 6ES7 134-4GB01-0AB0, 2AI I 2WIRE ST"
"DPSUBSYSTEM 1, DPADDRESS 4, SLOT 12, 6ES7 138-4CA01-0AA0, PM-E DC24V"
"DPSUBSYSTEM 1, DPADDRESS 4, SLOT 13, 6ES7 134-4GB11-0AB0, 2AI I 4WIRE ST"
"DPSUBSYSTEM 1, DPADDRESS 4, SLOT 14, 6ES7 134-4GB11-0AB0, 2AI I 4WIRE ST"
"DPSUBSYSTEM 1, DPADDRESS 4, SLOT 15, 6ES7 134-4GB11-0AB0, 2AI I 4WIRE ST"
"DPSUBSYSTEM 1, DPADDRESS 4, SLOT 16, 6ES7 134-4GB11-0AB0, 2AI I 4WIRE ST"
"DPSUBSYSTEM 1, DPADDRESS 4, SLOT 17, 6ES7 134-4GB11-0AB0, 2AI I 4WIRE ST"
"DPSUBSYSTEM 1, DPADDRESS 4, SLOT 18, 6ES7 134-4GB11-0AB0, 2AI I 4WIRE ST"
"DPSUBSYSTEM 1, DPADDRESS 4, SLOT 19, 6ES7 134-4GB11-0AB0, 2AI I 4WIRE ST"
"DPSUBSYSTEM 1, DPADDRESS 4, SLOT 20, 6ES7 134-4GB11-0AB0, 2AI I 4WIRE ST"
"DPSUBSYSTEM 1, DPADDRESS 5, 6ES7 151-1AA05-0AB0, IM151-1 Standard"
"DPSUBSYSTEM 1, DPADDRESS 5, SLOT 1, 6ES7 138-4CA01-0AA0, PM-E DC24V"
"DPSUBSYSTEM 1, DPADDRESS 5, SLOT 2, 6ES7 131-4BF00-0AA0, 8DI DC24V"
"DPSUBSYSTEM 1, DPADDRESS 5, SLOT 3, 6ES7 131-4BF00-0AA0, 8DI DC24V"
"DPSUBSYSTEM 1, DPADDRESS 5, SLOT 4, 6ES7 131-4BF00-0AA0, 8DI DC24V"
"DPSUBSYSTEM 1, DPADDRESS 5, SLOT 5, 6ES7 131-4BF00-0AA0, 8DI DC24V"
"DPSUBSYSTEM 1, DPADDRESS 5, SLOT 6, 6ES7 131-4BF00-0AA0, 8DI DC24V"
"DPSUBSYSTEM 1, DPADDRESS 5, SLOT 7, 6ES7 131-4BF00-0AA0, 8DI DC24V"
"DPSUBSYSTEM 1, DPADDRESS 5, SLOT 8, 6ES7 131-4BD01-0AA0, 4DI DC24V ST"
"DPSUBSYSTEM 1, DPADDRESS 5, SLOT 9, 6ES7 131-4BD01-0AA0, 4DI DC24V ST"
"DPSUBSYSTEM 1, DPADDRESS 5, SLOT 10, 6ES7 131-4BD01-0AA0, 4DI DC24V ST"
"DPSUBSYSTEM 1, DPADDRESS 5, SLOT 11, 6ES7 131-4BD01-0AA0, 4DI DC24V ST"
"DPSUBSYSTEM 1, DPADDRESS 5, SLOT 12, 6ES7 131-4BD01-0AA0, 4DI DC24V ST"
"DPSUBSYSTEM 1, DPADDRESS 5, SLOT 13, 6ES7 131-4BD01-0AA0, 4DI DC24V ST"
"DPSUBSYSTEM 1, DPADDRESS 5, SLOT 14, 6ES7 131-4BD01-0AA0, 4DI DC24V ST"
"DPSUBSYSTEM 1, DPADDRESS 5, SLOT 15, 6ES7 131-4BD01-0AA0, 4DI DC24V ST"
"DPSUBSYSTEM 1, DPADDRESS 5, SLOT 16, 6ES7 131-4BD01-0AA0, 4DI DC24V ST"
"DPSUBSYSTEM 1, DPADDRESS 5, SLOT 17, 6ES7 131-4BD01-0AA0, 4DI DC24V ST"
"DPSUBSYSTEM 1, DPADDRESS 5, SLOT 18, 6ES7 131-4BD01-0AA0, 4DI DC24V ST"
"DPSUBSYSTEM 1, DPADDRESS 5, SLOT 19, 6ES7 131-4BD01-0AA0, 4DI DC24V ST"
"DPSUBSYSTEM 1, DPADDRESS 5, SLOT 20, 6ES7 131-4BD01-0AA0, 4DI DC24V ST"
"DPSUBSYSTEM 1, DPADDRESS 5, SLOT 21, 6ES7 131-4BD01-0AA0, 4DI DC24V ST"
"DPSUBSYSTEM 1, DPADDRESS 5, SLOT 22, 6ES7 131-4BD01-0AA0, 4DI DC24V ST"
"DPSUBSYSTEM 1, DPADDRESS 5, SLOT 23, 6ES7 131-4BD01-0AA0, 4DI DC24V ST"
"DPSUBSYSTEM 1, DPADDRESS 5, SLOT 24, 6ES7 131-4BD01-0AA0, 4DI DC24V ST"
"DPSUBSYSTEM 1, DPADDRESS 5, SLOT 25, 6ES7 138-4CA01-0AA0, PM-E DC24V"
"DPSUBSYSTEM 1, DPADDRESS 5, SLOT 26, 6ES7 132-4BF00-0AA0, 8DO DC24V/0.5A"
"DPSUBSYSTEM 1, DPADDRESS 5, SLOT 27, 6ES7 132-4BF00-0AA0, 8DO DC24V/0.5A"
"DPSUBSYSTEM 1, DPADDRESS 5, SLOT 28, 6ES7 132-4BF00-0AA0, 8DO DC24V/0.5A"
"DPSUBSYSTEM 1, DPADDRESS 5, SLOT 29, 6ES7 132-4BF00-0AA0, 8DO DC24V/0.5A"
"DPSUBSYSTEM 1, DPADDRESS 5, SLOT 30, 6ES7 138-4CA01-0AA0, PM-E DC24V"
"DPSUBSYSTEM 1, DPADDRESS 5, SLOT 31, 6ES7 132-4BD32-0AA0, 4DO DC24V/2A ST"
"DPSUBSYSTEM 1, DPADDRESS 5, SLOT 32, 6ES7 132-4BD32-0AA0, 4DO DC24V/2A ST"
"DPSUBSYSTEM 1, DPADDRESS 5, SLOT 33, 6ES7 138-4CA01-0AA0, PM-E DC24V"
"DPSUBSYSTEM 1, DPADDRESS 5, SLOT 34, 6ES7 132-4BD32-0AA0, 4DO DC24V/2A ST"
"DPSUBSYSTEM 1, DPADDRESS 6, 6ES7 151-1AA05-0AB0, IM151-1 Standard"
"DPSUBSYSTEM 1, DPADDRESS 6, SLOT 1, 6ES7 138-4CA01-0AA0, PM-E DC24V"
"DPSUBSYSTEM 1, DPADDRESS 6, SLOT 2, 6ES7 131-4BF00-0AA0, 8DI DC24V"
"DPSUBSYSTEM 1, DPADDRESS 6, SLOT 3, 6ES7 131-4BF00-0AA0, 8DI DC24V"
"DPSUBSYSTEM 1, DPADDRESS 6, SLOT 4, 6ES7 131-4BF00-0AA0, 8DI DC24V"
"DPSUBSYSTEM 1, DPADDRESS 6, SLOT 5, 6ES7 131-4BF00-0AA0, 8DI DC24V"
"DPSUBSYSTEM 1, DPADDRESS 6, SLOT 6, 6ES7 131-4BF00-0AA0, 8DI DC24V"
"DPSUBSYSTEM 1, DPADDRESS 6, SLOT 7, 6ES7 131-4BF00-0AA0, 8DI DC24V"
"DPSUBSYSTEM 1, DPADDRESS 6, SLOT 8, 6ES7 131-4BF00-0AA0, 8DI DC24V"
"DPSUBSYSTEM 1, DPADDRESS 6, SLOT 9, 6ES7 131-4BF00-0AA0, 8DI DC24V"
"DPSUBSYSTEM 1, DPADDRESS 6, SLOT 10, 6ES7 131-4BF00-0AA0, 8DI DC24V"
"DPSUBSYSTEM 1, DPADDRESS 6, SLOT 11, 6ES7 131-4BF00-0AA0, 8DI DC24V"
"DPSUBSYSTEM 1, DPADDRESS 6, SLOT 12, 6ES7 131-4BF00-0AA0, 8DI DC24V"
"DPSUBSYSTEM 1, DPADDRESS 6, SLOT 13, 6ES7 131-4BF00-0AA0, 8DI DC24V"
"DPSUBSYSTEM 1, DPADDRESS 6, SLOT 14, 6ES7 131-4BF00-0AA0, 8DI DC24V"
"DPSUBSYSTEM 1, DPADDRESS 6, SLOT 15, 6ES7 131-4BF00-0AA0, 8DI DC24V"
"DPSUBSYSTEM 1, DPADDRESS 6, SLOT 16, 6ES7 131-4BF00-0AA0, 8DI DC24V"
"DPSUBSYSTEM 1, DPADDRESS 6, SLOT 17, 6ES7 131-4BF00-0AA0, 8DI DC24V"
"DPSUBSYSTEM 1, DPADDRESS 6, SLOT 18, 6ES7 131-4BF00-0AA0, 8DI DC24V"
"DPSUBSYSTEM 1, DPADDRESS 6, SLOT 19, 6ES7 131-4BF00-0AA0, 8DI DC24V"
"DPSUBSYSTEM 1, DPADDRESS 6, SLOT 20, 6ES7 131-4BF00-0AA0, 8DI DC24V"
"DPSUBSYSTEM 1, DPADDRESS 6, SLOT 21, 6ES7 131-4BF00-0AA0, 8DI DC24V"
"DPSUBSYSTEM 1, DPADDRESS 6, SLOT 22, 6ES7 131-4BF00-0AA0, 8DI DC24V"
"DPSUBSYSTEM 1, DPADDRESS 6, SLOT 23, 6ES7 131-4BF00-0AA0, 8DI DC24V"
"DPSUBSYSTEM 1, DPADDRESS 6, SLOT 24, 6ES7 131-4BF00-0AA0, 8DI DC24V"
"DPSUBSYSTEM 1, DPADDRESS 6, SLOT 25, 6ES7 138-4CA01-0AA0, PM-E DC24V"
"DPSUBSYSTEM 1, DPADDRESS 6, SLOT 26, 6ES7 132-4BF00-0AA0, 8DO DC24V/0.5A"
"DPSUBSYSTEM 1, DPADDRESS 6, SLOT 27, 6ES7 132-4BF00-0AA0, 8DO DC24V/0.5A"
"DPSUBSYSTEM 1, DPADDRESS 6, SLOT 28, 6ES7 132-4BF00-0AA0, 8DO DC24V/0.5A"
"DPSUBSYSTEM 1, DPADDRESS 6, SLOT 29, 6ES7 132-4BF00-0AA0, 8DO DC24V/0.5A"
"DPSUBSYSTEM 1, DPADDRESS 6, SLOT 30, 6ES7 132-4BF00-0AA0, 8DO DC24V/0.5A"
"DPSUBSYSTEM 1, DPADDRESS 6, SLOT 31, 6ES7 132-4BF00-0AA0, 8DO DC24V/0.5A"
"DPSUBSYSTEM 1, DPADDRESS 6, SLOT 32, 6ES7 132-4BF00-0AA0, 8DO DC24V/0.5A"
"DPSUBSYSTEM 1, DPADDRESS 6, SLOT 33, 6ES7 132-4BF00-0AA0, 8DO DC24V/0.5A"
"DPSUBSYSTEM 1, DPADDRESS 6, SLOT 34, 6ES7 132-4BF00-0AA0, 8DO DC24V/0.5A"
"DPSUBSYSTEM 1, DPADDRESS 6, SLOT 35, 6ES7 132-4BF00-0AA0, 8DO DC24V/0.5A"
"DPSUBSYSTEM 1, DPADDRESS 6, SLOT 36, 6ES7 132-4BF00-0AA0, 8DO DC24V/0.5A"
"DPSUBSYSTEM 1, DPADDRESS 6, SLOT 37, 6ES7 132-4BF00-0AA0, 8DO DC24V/0.5A"
"DPSUBSYSTEM 1, DPADDRESS 10, 6ES7 151-1AA05-0AB0, IM151-1 Standard"
"DPSUBSYSTEM 1, DPADDRESS 10, SLOT 1, 6ES7 138-4CA01-0AA0, PM-E DC24V"
"DPSUBSYSTEM 1, DPADDRESS 10, SLOT 2, 6ES7 134-4GB11-0AB0, 2AI I 4WIRE ST"
"DPSUBSYSTEM 1, DPADDRESS 10, SLOT 3, 6ES7 138-4CA01-0AA0, PM-E DC24V"
"DPSUBSYSTEM 1, DPADDRESS 10, SLOT 4, 6ES7 131-4BF00-0AA0, 8DI DC24V"
"DPSUBSYSTEM 1, DPADDRESS 10, SLOT 5, 6ES7 131-4BF00-0AA0, 8DI DC24V"
"DPSUBSYSTEM 1, DPADDRESS 10, SLOT 6, 6ES7 131-4BF00-0AA0, 8DI DC24V"
"DPSUBSYSTEM 1, DPADDRESS 10, SLOT 7, 6ES7 131-4BF00-0AA0, 8DI DC24V"
"DPSUBSYSTEM 1, DPADDRESS 10, SLOT 8, 6ES7 131-4BF00-0AA0, 8DI DC24V"
"DPSUBSYSTEM 1, DPADDRESS 10, SLOT 9, 6ES7 131-4BF00-0AA0, 8DI DC24V"
"DPSUBSYSTEM 1, DPADDRESS 10, SLOT 10, 6ES7 131-4BF00-0AA0, 8DI DC24V"
"DPSUBSYSTEM 1, DPADDRESS 10, SLOT 11, 6ES7 131-4BF00-0AA0, 8DI DC24V"
"DPSUBSYSTEM 1, DPADDRESS 10, SLOT 12, 6ES7 131-4BF00-0AA0, 8DI DC24V"
"DPSUBSYSTEM 1, DPADDRESS 10, SLOT 13, 6ES7 131-4BF00-0AA0, 8DI DC24V"
"DPSUBSYSTEM 1, DPADDRESS 10, SLOT 14, 6ES7 131-4BF00-0AA0, 8DI DC24V"
"DPSUBSYSTEM 1, DPADDRESS 10, SLOT 15, 6ES7 131-4BF00-0AA0, 8DI DC24V"
"DPSUBSYSTEM 1, DPADDRESS 10, SLOT 16, 6ES7 131-4BF00-0AA0, 8DI DC24V"
"DPSUBSYSTEM 1, DPADDRESS 10, SLOT 17, 6ES7 131-4BF00-0AA0, 8DI DC24V"
"DPSUBSYSTEM 1, DPADDRESS 10, SLOT 18, 6ES7 131-4BF00-0AA0, 8DI DC24V"
"DPSUBSYSTEM 1, DPADDRESS 10, SLOT 19, 6ES7 131-4BF00-0AA0, 8DI DC24V"
"DPSUBSYSTEM 1, DPADDRESS 10, SLOT 20, 6ES7 131-4BF00-0AA0, 8DI DC24V"
"DPSUBSYSTEM 1, DPADDRESS 10, SLOT 21, 6ES7 138-4CA01-0AA0, PM-E DC24V"
"DPSUBSYSTEM 1, DPADDRESS 10, SLOT 22, 6ES7 132-4BF00-0AA0, 8DO DC24V/0.5A"
"DPSUBSYSTEM 1, DPADDRESS 10, SLOT 23, 6ES7 132-4BF00-0AA0, 8DO DC24V/0.5A"
"DPSUBSYSTEM 1, DPADDRESS 10, SLOT 24, 6ES7 132-4BF00-0AA0, 8DO DC24V/0.5A"
"DPSUBSYSTEM 1, DPADDRESS 10, SLOT 25, 6ES7 132-4BF00-0AA0, 8DO DC24V/0.5A"
"DPSUBSYSTEM 1, DPADDRESS 10, SLOT 26, 6ES7 132-4BF00-0AA0, 8DO DC24V/0.5A"
"DPSUBSYSTEM 1, DPADDRESS 10, SLOT 27, 6ES7 132-4BF00-0AA0, 8DO DC24V/0.5A"
"DPSUBSYSTEM 1, DPADDRESS 10, SLOT 28, 6ES7 132-4BF00-0AA0, 8DO DC24V/0.5A"
"DPSUBSYSTEM 1, DPADDRESS 11, 6ES7 151-1AA05-0AB0, IM151-1 Standard"
"DPSUBSYSTEM 1, DPADDRESS 11, SLOT 1, 6ES7 138-4CA01-0AA0, PM-E DC24V"
"DPSUBSYSTEM 1, DPADDRESS 11, SLOT 2, 6ES7 131-4BD01-0AA0, 4DI DC24V ST"
"DPSUBSYSTEM 1, DPADDRESS 11, SLOT 3, 6ES7 131-4BD01-0AA0, 4DI DC24V ST"
"DPSUBSYSTEM 1, DPADDRESS 11, SLOT 4, 6ES7 131-4BD01-0AA0, 4DI DC24V ST"
"DPSUBSYSTEM 1, DPADDRESS 11, SLOT 5, 6ES7 131-4BD01-0AA0, 4DI DC24V ST"
"DPSUBSYSTEM 1, DPADDRESS 11, SLOT 6, 6ES7 131-4BD01-0AA0, 4DI DC24V ST"
"DPSUBSYSTEM 1, DPADDRESS 11, SLOT 7, 6ES7 131-4BD01-0AA0, 4DI DC24V ST"
"DPSUBSYSTEM 1, DPADDRESS 11, SLOT 8, 6ES7 131-4BD01-0AA0, 4DI DC24V ST"
"DPSUBSYSTEM 1, DPADDRESS 11, SLOT 9, 6ES7 131-4BD01-0AA0, 4DI DC24V ST"
"DPSUBSYSTEM 1, DPADDRESS 11, SLOT 10, 6ES7 131-4BD01-0AA0, 4DI DC24V ST"
"DPSUBSYSTEM 1, DPADDRESS 11, SLOT 11, 6ES7 131-4BD01-0AA0, 4DI DC24V ST"
"DPSUBSYSTEM 1, DPADDRESS 11, SLOT 12, 6ES7 131-4BD01-0AA0, 4DI DC24V ST"
"DPSUBSYSTEM 1, DPADDRESS 11, SLOT 13, 6ES7 131-4BD01-0AA0, 4DI DC24V ST"
"DPSUBSYSTEM 1, DPADDRESS 11, SLOT 14, 6ES7 131-4BD01-0AA0, 4DI DC24V ST"
"DPSUBSYSTEM 1, DPADDRESS 11, SLOT 15, 6ES7 138-4CA01-0AA0, PM-E DC24V"
"DPSUBSYSTEM 1, DPADDRESS 11, SLOT 16, 6ES7 132-4BD32-0AA0, 4DO DC24V/2A ST"
"DPSUBSYSTEM 1, DPADDRESS 11, SLOT 17, 6ES7 132-4BD32-0AA0, 4DO DC24V/2A ST"
"DPSUBSYSTEM 1, DPADDRESS 11, SLOT 18, 6ES7 138-4CA01-0AA0, PM-E DC24V"
"DPSUBSYSTEM 1, DPADDRESS 11, SLOT 19, 6ES7 132-4BD32-0AA0, 4DO DC24V/2A ST"
"DPSUBSYSTEM 1, DPADDRESS 11, SLOT 20, 6ES7 132-4BD32-0AA0, 4DO DC24V/2A ST"
"DPSUBSYSTEM 1, DPADDRESS 11, SLOT 21, 6ES7 138-4CA01-0AA0, PM-E DC24V"
"DPSUBSYSTEM 1, DPADDRESS 11, SLOT 22, 6ES7 132-4BD32-0AA0, 4DO DC24V/2A ST"
"DPSUBSYSTEM 1, DPADDRESS 11, SLOT 23, 6ES7 132-4BD32-0AA0, 4DO DC24V/2A ST"
"DPSUBSYSTEM 1, DPADDRESS 12, 6ES7 151-1AA05-0AB0, IM151-1 Standard"
"DPSUBSYSTEM 1, DPADDRESS 12, SLOT 1, 6ES7 138-4CA01-0AA0, PM-E DC24V"
"DPSUBSYSTEM 1, DPADDRESS 12, SLOT 2, 6ES7 131-4BF00-0AA0, 8DI DC24V"
"DPSUBSYSTEM 1, DPADDRESS 12, SLOT 3, 6ES7 131-4BF00-0AA0, 8DI DC24V"
"DPSUBSYSTEM 1, DPADDRESS 12, SLOT 4, 6ES7 131-4BF00-0AA0, 8DI DC24V"
"DPSUBSYSTEM 1, DPADDRESS 12, SLOT 5, 6ES7 131-4BF00-0AA0, 8DI DC24V"
"DPSUBSYSTEM 1, DPADDRESS 12, SLOT 6, 6ES7 131-4BF00-0AA0, 8DI DC24V"
"DPSUBSYSTEM 1, DPADDRESS 12, SLOT 7, 6ES7 131-4BF00-0AA0, 8DI DC24V"
"DPSUBSYSTEM 1, DPADDRESS 12, SLOT 8, 6ES7 131-4BF00-0AA0, 8DI DC24V"
"DPSUBSYSTEM 1, DPADDRESS 12, SLOT 9, 6ES7 131-4BF00-0AA0, 8DI DC24V"
"DPSUBSYSTEM 1, DPADDRESS 12, SLOT 10, 6ES7 131-4BF00-0AA0, 8DI DC24V"
"DPSUBSYSTEM 1, DPADDRESS 12, SLOT 11, 6ES7 131-4BF00-0AA0, 8DI DC24V"
"DPSUBSYSTEM 1, DPADDRESS 12, SLOT 12, 6ES7 131-4BF00-0AA0, 8DI DC24V"
"DPSUBSYSTEM 1, DPADDRESS 12, SLOT 13, 6ES7 132-4BF00-0AA0, 8DO DC24V/0.5A"
"DPSUBSYSTEM 1, DPADDRESS 12, SLOT 14, 6ES7 132-4BF00-0AA0, 8DO DC24V/0.5A"
"DPSUBSYSTEM 1, DPADDRESS 12, SLOT 15, 6ES7 132-4BF00-0AA0, 8DO DC24V/0.5A"
"DPSUBSYSTEM 1, DPADDRESS 15, 6ES7 151-1AA05-0AB0, IM151-1 Standard"
"DPSUBSYSTEM 1, DPADDRESS 15, SLOT 1, 6ES7 138-4CA01-0AA0, PM-E DC24V"
"DPSUBSYSTEM 1, DPADDRESS 15, SLOT 2, 6ES7 134-4GB01-0AB0, 2AI I 2WIRE ST"
"DPSUBSYSTEM 1, DPADDRESS 15, SLOT 3, 6ES7 134-4GB01-0AB0, 2AI I 2WIRE ST"
"DPSUBSYSTEM 1, DPADDRESS 15, SLOT 4, 6ES7 134-4GB11-0AB0, 2AI I 4WIRE ST"
"DPSUBSYSTEM 1, DPADDRESS 15, SLOT 5, 6ES7 134-4GB11-0AB0, 2AI I 4WIRE ST"
"DPSUBSYSTEM 1, DPADDRESS 15, SLOT 6, 6ES7 134-4GB11-0AB0, 2AI I 4WIRE ST"
"DPSUBSYSTEM 1, DPADDRESS 15, SLOT 7, 6ES7 134-4GB11-0AB0, 2AI I 4WIRE ST"
"DPSUBSYSTEM 1, DPADDRESS 15, SLOT 8, 6ES7 134-4GB11-0AB0, 2AI I 4WIRE ST"
"DPSUBSYSTEM 1, DPADDRESS 15, SLOT 9, 6ES7 134-4GB11-0AB0, 2AI I 4WIRE ST"
"DPSUBSYSTEM 1, DPADDRESS 15, SLOT 10, 6ES7 134-4GB11-0AB0, 2AI I 4WIRE ST"
"DPSUBSYSTEM 1, DPADDRESS 15, SLOT 11, 6ES7 134-4GB11-0AB0, 2AI I 4WIRE ST"
"DPSUBSYSTEM 1, DPADDRESS 15, SLOT 12, 6ES7 134-4GB11-0AB0, 2AI I 4WIRE ST"
"DPSUBSYSTEM 1, DPADDRESS 15, SLOT 13, 6ES7 134-4GB11-0AB0, 2AI I 4WIRE ST"
"DPSUBSYSTEM 1, DPADDRESS 15, SLOT 14, 6ES7 134-4GB11-0AB0, 2AI I 4WIRE ST"
"DPSUBSYSTEM 1, DPADDRESS 15, SLOT 15, 6ES7 134-4GB11-0AB0, 2AI I 4WIRE ST"
"DPSUBSYSTEM 1, DPADDRESS 15, SLOT 16, 6ES7 134-4GB11-0AB0, 2AI I 4WIRE ST"
"DPSUBSYSTEM 1, DPADDRESS 15, SLOT 17, 6ES7 134-4GB11-0AB0, 2AI I 4WIRE ST"
"DPSUBSYSTEM 1, DPADDRESS 15, SLOT 18, 6ES7 138-4CA01-0AA0, PM-E DC24V"
"DPSUBSYSTEM 1, DPADDRESS 15, SLOT 19, 6ES7 135-4GB01-0AB0, 2AO I ST"
"DPSUBSYSTEM 1, DPADDRESS 16, 6ES7 151-1AA05-0AB0, IM151-1 Standard"
"DPSUBSYSTEM 1, DPADDRESS 16, SLOT 1, 6ES7 138-4CA01-0AA0, PM-E DC24V"
"DPSUBSYSTEM 1, DPADDRESS 16, SLOT 2, 6ES7 131-4BF00-0AA0, 8DI DC24V"
"DPSUBSYSTEM 1, DPADDRESS 16, SLOT 3, 6ES7 131-4BF00-0AA0, 8DI DC24V"
"DPSUBSYSTEM 1, DPADDRESS 16, SLOT 4, 6ES7 131-4BF00-0AA0, 8DI DC24V"
"DPSUBSYSTEM 1, DPADDRESS 16, SLOT 5, 6ES7 131-4BF00-0AA0, 8DI DC24V"
"DPSUBSYSTEM 1, DPADDRESS 16, SLOT 6, 6ES7 131-4BF00-0AA0, 8DI DC24V"
"DPSUBSYSTEM 1, DPADDRESS 16, SLOT 7, 6ES7 131-4BF00-0AA0, 8DI DC24V"
"DPSUBSYSTEM 1, DPADDRESS 16, SLOT 8, 6ES7 131-4BF00-0AA0, 8DI DC24V"
"DPSUBSYSTEM 1, DPADDRESS 16, SLOT 9, 6ES7 131-4BF00-0AA0, 8DI DC24V"
"DPSUBSYSTEM 1, DPADDRESS 16, SLOT 10, 6ES7 131-4BF00-0AA0, 8DI DC24V"
"DPSUBSYSTEM 1, DPADDRESS 16, SLOT 11, 6ES7 131-4BF00-0AA0, 8DI DC24V"
"DPSUBSYSTEM 1, DPADDRESS 16, SLOT 12, 6ES7 131-4BF00-0AA0, 8DI DC24V"
"DPSUBSYSTEM 1, DPADDRESS 16, SLOT 13, 6ES7 131-4BF00-0AA0, 8DI DC24V"
"DPSUBSYSTEM 1, DPADDRESS 16, SLOT 14, 6ES7 131-4BF00-0AA0, 8DI DC24V"
"DPSUBSYSTEM 1, DPADDRESS 16, SLOT 15, 6ES7 131-4BF00-0AA0, 8DI DC24V"
"DPSUBSYSTEM 1, DPADDRESS 16, SLOT 16, 6ES7 131-4BF00-0AA0, 8DI DC24V"
"DPSUBSYSTEM 1, DPADDRESS 16, SLOT 17, 6ES7 131-4BF00-0AA0, 8DI DC24V"
"DPSUBSYSTEM 1, DPADDRESS 16, SLOT 18, 6ES7 131-4BF00-0AA0, 8DI DC24V"
"DPSUBSYSTEM 1, DPADDRESS 16, SLOT 19, 6ES7 131-4BF00-0AA0, 8DI DC24V"
"DPSUBSYSTEM 1, DPADDRESS 16, SLOT 20, 6ES7 131-4BF00-0AA0, 8DI DC24V"
"DPSUBSYSTEM 1, DPADDRESS 16, SLOT 21, 6ES7 131-4BF00-0AA0, 8DI DC24V"
"DPSUBSYSTEM 1, DPADDRESS 16, SLOT 22, 6ES7 131-4BF00-0AA0, 8DI DC24V"
"DPSUBSYSTEM 1, DPADDRESS 16, SLOT 23, 6ES7 131-4BF00-0AA0, 8DI DC24V"
"DPSUBSYSTEM 1, DPADDRESS 16, SLOT 24, 6ES7 131-4BF00-0AA0, 8DI DC24V"
"DPSUBSYSTEM 1, DPADDRESS 16, SLOT 25, 6ES7 131-4BF00-0AA0, 8DI DC24V"
"DPSUBSYSTEM 1, DPADDRESS 16, SLOT 26, 6ES7 138-4CA01-0AA0, PM-E DC24V"
"DPSUBSYSTEM 1, DPADDRESS 16, SLOT 27, 6ES7 132-4BF00-0AA0, 8DO DC24V/0.5A"
"DPSUBSYSTEM 1, DPADDRESS 16, SLOT 28, 6ES7 132-4BF00-0AA0, 8DO DC24V/0.5A"
"DPSUBSYSTEM 1, DPADDRESS 16, SLOT 29, 6ES7 132-4BF00-0AA0, 8DO DC24V/0.5A"
"DPSUBSYSTEM 1, DPADDRESS 16, SLOT 30, 6ES7 132-4BF00-0AA0, 8DO DC24V/0.5A"
"DPSUBSYSTEM 1, DPADDRESS 16, SLOT 31, 6ES7 132-4BF00-0AA0, 8DO DC24V/0.5A"
"DPSUBSYSTEM 1, DPADDRESS 16, SLOT 32, 6ES7 132-4BF00-0AA0, 8DO DC24V/0.5A"
"DPSUBSYSTEM 1, DPADDRESS 16, SLOT 33, 6ES7 132-4BF00-0AA0, 8DO DC24V/0.5A"
"DPSUBSYSTEM 1, DPADDRESS 16, SLOT 34, 6ES7 132-4BF00-0AA0, 8DO DC24V/0.5A"
"DPSUBSYSTEM 1, DPADDRESS 16, SLOT 35, 6ES7 132-4BF00-0AA0, 8DO DC24V/0.5A"
"DPSUBSYSTEM 1, DPADDRESS 16, SLOT 36, 6ES7 132-4BF00-0AA0, 8DO DC24V/0.5A"
"DPSUBSYSTEM 1, DPADDRESS 16, SLOT 37, 6ES7 132-4BF00-0AA0, 8DO DC24V/0.5A"
"DPSUBSYSTEM 1, DPADDRESS 17, 6ES7 151-1AA05-0AB0, IM151-1 Standard"
"DPSUBSYSTEM 1, DPADDRESS 17, SLOT 1, 6ES7 138-4CA01-0AA0, PM-E DC24V"
"DPSUBSYSTEM 1, DPADDRESS 17, SLOT 2, 6ES7 131-4BD01-0AA0, 4DI DC24V ST"
"DPSUBSYSTEM 1, DPADDRESS 17, SLOT 3, 6ES7 131-4BD01-0AA0, 4DI DC24V ST"
"DPSUBSYSTEM 1, DPADDRESS 17, SLOT 4, 6ES7 131-4BD01-0AA0, 4DI DC24V ST"
"DPSUBSYSTEM 1, DPADDRESS 17, SLOT 5, 6ES7 131-4BD01-0AA0, 4DI DC24V ST"
"DPSUBSYSTEM 1, DPADDRESS 17, SLOT 6, 6ES7 131-4BD01-0AA0, 4DI DC24V ST"
"DPSUBSYSTEM 1, DPADDRESS 17, SLOT 7, 6ES7 131-4BD01-0AA0, 4DI DC24V ST"
"DPSUBSYSTEM 1, DPADDRESS 17, SLOT 8, 6ES7 131-4BD01-0AA0, 4DI DC24V ST"
"DPSUBSYSTEM 1, DPADDRESS 17, SLOT 9, 6ES7 131-4BD01-0AA0, 4DI DC24V ST"
"DPSUBSYSTEM 1, DPADDRESS 17, SLOT 10, 6ES7 131-4BD01-0AA0, 4DI DC24V ST"
"DPSUBSYSTEM 1, DPADDRESS 17, SLOT 11, 6ES7 131-4BD01-0AA0, 4DI DC24V ST"
"DPSUBSYSTEM 1, DPADDRESS 17, SLOT 12, 6ES7 131-4BD01-0AA0, 4DI DC24V ST"
"DPSUBSYSTEM 1, DPADDRESS 17, SLOT 13, 6ES7 131-4BD01-0AA0, 4DI DC24V ST"
"DPSUBSYSTEM 1, DPADDRESS 17, SLOT 14, 6ES7 131-4BD01-0AA0, 4DI DC24V ST"
"DPSUBSYSTEM 1, DPADDRESS 17, SLOT 15, 6ES7 131-4BD01-0AA0, 4DI DC24V ST"
"DPSUBSYSTEM 1, DPADDRESS 17, SLOT 16, 6ES7 131-4BD01-0AA0, 4DI DC24V ST"
"DPSUBSYSTEM 1, DPADDRESS 17, SLOT 17, 6ES7 131-4BD01-0AA0, 4DI DC24V ST"
"DPSUBSYSTEM 1, DPADDRESS 17, SLOT 18, 6ES7 131-4BD01-0AA0, 4DI DC24V ST"
"DPSUBSYSTEM 1, DPADDRESS 17, SLOT 19, 6ES7 131-4BD01-0AA0, 4DI DC24V ST"
"DPSUBSYSTEM 1, DPADDRESS 17, SLOT 20, 6ES7 131-4BD01-0AA0, 4DI DC24V ST"
"DPSUBSYSTEM 1, DPADDRESS 17, SLOT 21, 6ES7 131-4BD01-0AA0, 4DI DC24V ST"
"DPSUBSYSTEM 1, DPADDRESS 17, SLOT 22, 6ES7 131-4BD01-0AA0, 4DI DC24V ST"
"DPSUBSYSTEM 1, DPADDRESS 17, SLOT 23, 6ES7 131-4BD01-0AA0, 4DI DC24V ST"
"DPSUBSYSTEM 1, DPADDRESS 17, SLOT 24, 6ES7 131-4BD01-0AA0, 4DI DC24V ST"
"DPSUBSYSTEM 1, DPADDRESS 17, SLOT 25, 6ES7 131-4BD01-0AA0, 4DI DC24V ST"
"DPSUBSYSTEM 1, DPADDRESS 17, SLOT 26, 6ES7 131-4BD01-0AA0, 4DI DC24V ST"
"DPSUBSYSTEM 1, DPADDRESS 17, SLOT 27, 6ES7 131-4BD01-0AA0, 4DI DC24V ST"
"DPSUBSYSTEM 1, DPADDRESS 17, SLOT 28, 6ES7 131-4BD01-0AA0, 4DI DC24V ST"
"DPSUBSYSTEM 1, DPADDRESS 17, SLOT 29, 6ES7 131-4BD01-0AA0, 4DI DC24V ST"
"DPSUBSYSTEM 1, DPADDRESS 17, SLOT 30, 6ES7 131-4BD01-0AA0, 4DI DC24V ST"
"DPSUBSYSTEM 1, DPADDRESS 17, SLOT 31, 6ES7 131-4BD01-0AA0, 4DI DC24V ST"
"DPSUBSYSTEM 1, DPADDRESS 18, 6ES7 151-1AA05-0AB0, IM151-1 Standard"
"DPSUBSYSTEM 1, DPADDRESS 18, SLOT 1, 6ES7 138-4CA01-0AA0, PM-E DC24V"
"DPSUBSYSTEM 1, DPADDRESS 18, SLOT 2, 6ES7 131-4BD01-0AA0, 4DI DC24V ST"
"DPSUBSYSTEM 1, DPADDRESS 18, SLOT 3, 6ES7 131-4BD01-0AA0, 4DI DC24V ST"
"DPSUBSYSTEM 1, DPADDRESS 18, SLOT 4, 6ES7 131-4BD01-0AA0, 4DI DC24V ST"
"DPSUBSYSTEM 1, DPADDRESS 18, SLOT 5, 6ES7 131-4BD01-0AA0, 4DI DC24V ST"
"DPSUBSYSTEM 1, DPADDRESS 18, SLOT 6, 6ES7 131-4BD01-0AA0, 4DI DC24V ST"
"DPSUBSYSTEM 1, DPADDRESS 18, SLOT 7, 6ES7 131-4BD01-0AA0, 4DI DC24V ST"
"DPSUBSYSTEM 1, DPADDRESS 18, SLOT 8, 6ES7 131-4BD01-0AA0, 4DI DC24V ST"
"DPSUBSYSTEM 1, DPADDRESS 18, SLOT 9, 6ES7 131-4BD01-0AA0, 4DI DC24V ST"
"DPSUBSYSTEM 1, DPADDRESS 18, SLOT 10, 6ES7 131-4BD01-0AA0, 4DI DC24V ST"
"DPSUBSYSTEM 1, DPADDRESS 18, SLOT 11, 6ES7 131-4BD01-0AA0, 4DI DC24V ST"
"DPSUBSYSTEM 1, DPADDRESS 18, SLOT 12, 6ES7 131-4BD01-0AA0, 4DI DC24V ST"
"DPSUBSYSTEM 1, DPADDRESS 18, SLOT 13, 6ES7 131-4BD01-0AA0, 4DI DC24V ST"
"DPSUBSYSTEM 1, DPADDRESS 18, SLOT 14, 6ES7 131-4BD01-0AA0, 4DI DC24V ST"
"DPSUBSYSTEM 1, DPADDRESS 18, SLOT 15, 6ES7 131-4BD01-0AA0, 4DI DC24V ST"
"DPSUBSYSTEM 1, DPADDRESS 18, SLOT 16, 6ES7 131-4BD01-0AA0, 4DI DC24V ST"
"DPSUBSYSTEM 1, DPADDRESS 18, SLOT 17, 6ES7 131-4BD01-0AA0, 4DI DC24V ST"
"DPSUBSYSTEM 1, DPADDRESS 18, SLOT 18, 6ES7 131-4BD01-0AA0, 4DI DC24V ST"
"DPSUBSYSTEM 1, DPADDRESS 18, SLOT 19, 6ES7 131-4BD01-0AA0, 4DI DC24V ST"
"DPSUBSYSTEM 1, DPADDRESS 18, SLOT 20, 6ES7 131-4BD01-0AA0, 4DI DC24V ST"
"DPSUBSYSTEM 1, DPADDRESS 18, SLOT 21, 6ES7 131-4BD01-0AA0, 4DI DC24V ST"
"DPSUBSYSTEM 1, DPADDRESS 18, SLOT 22, 6ES7 131-4BD01-0AA0, 4DI DC24V ST"
"DPSUBSYSTEM 1, DPADDRESS 18, SLOT 23, 6ES7 131-4BD01-0AA0, 4DI DC24V ST"
"DPSUBSYSTEM 1, DPADDRESS 19, 6ES7 151-1AA05-0AB0, IM151-1 Standard"
"DPSUBSYSTEM 1, DPADDRESS 19, SLOT 1, 6ES7 138-4CA01-0AA0, PM-E DC24V"
"DPSUBSYSTEM 1, DPADDRESS 19, SLOT 2, 6ES7 132-4BD32-0AA0, 4DO DC24V/2A ST"
"DPSUBSYSTEM 1, DPADDRESS 19, SLOT 3, 6ES7 132-4BD32-0AA0, 4DO DC24V/2A ST"
"DPSUBSYSTEM 1, DPADDRESS 19, SLOT 4, 6ES7 138-4CA01-0AA0, PM-E DC24V"
"DPSUBSYSTEM 1, DPADDRESS 19, SLOT 5, 6ES7 132-4BD32-0AA0, 4DO DC24V/2A ST"
"DPSUBSYSTEM 1, DPADDRESS 19, SLOT 6, 6ES7 132-4BD32-0AA0, 4DO DC24V/2A ST"
"DPSUBSYSTEM 1, DPADDRESS 19, SLOT 7, 6ES7 138-4CA01-0AA0, PM-E DC24V"
"DPSUBSYSTEM 1, DPADDRESS 19, SLOT 8, 6ES7 132-4BD32-0AA0, 4DO DC24V/2A ST"
"DPSUBSYSTEM 1, DPADDRESS 19, SLOT 9, 6ES7 132-4BD32-0AA0, 4DO DC24V/2A ST"
"DPSUBSYSTEM 1, DPADDRESS 19, SLOT 10, 6ES7 138-4CA01-0AA0, PM-E DC24V"
"DPSUBSYSTEM 1, DPADDRESS 19, SLOT 11, 6ES7 132-4BD32-0AA0, 4DO DC24V/2A ST"
"DPSUBSYSTEM 1, DPADDRESS 19, SLOT 12, 6ES7 132-4BD32-0AA0, 4DO DC24V/2A ST"
"DPSUBSYSTEM 1, DPADDRESS 19, SLOT 13, 6ES7 138-4CA01-0AA0, PM-E DC24V"
"DPSUBSYSTEM 1, DPADDRESS 19, SLOT 14, 6ES7 132-4BD32-0AA0, 4DO DC24V/2A ST"
"DPSUBSYSTEM 1, DPADDRESS 19, SLOT 15, 6ES7 132-4BD32-0AA0, 4DO DC24V/2A ST"
"DPSUBSYSTEM 1, DPADDRESS 19, SLOT 16, 6ES7 138-4CA01-0AA0, PM-E DC24V"
"DPSUBSYSTEM 1, DPADDRESS 19, SLOT 17, 6ES7 132-4BD32-0AA0, 4DO DC24V/2A ST"
"DPSUBSYSTEM 1, DPADDRESS 19, SLOT 18, 6ES7 132-4BD32-0AA0, 4DO DC24V/2A ST"
"DPSUBSYSTEM 1, DPADDRESS 19, SLOT 19, 6ES7 138-4CA01-0AA0, PM-E DC24V"
"DPSUBSYSTEM 1, DPADDRESS 19, SLOT 20, 6ES7 132-4BD32-0AA0, 4DO DC24V/2A ST"
"DPSUBSYSTEM 1, DPADDRESS 19, SLOT 21, 6ES7 132-4BD32-0AA0, 4DO DC24V/2A ST"
"DPSUBSYSTEM 1, DPADDRESS 19, SLOT 22, 6ES7 138-4CA01-0AA0, PM-E DC24V"
"DPSUBSYSTEM 1, DPADDRESS 19, SLOT 23, 6ES7 132-4BD32-0AA0, 4DO DC24V/2A ST"
"DPSUBSYSTEM 1, DPADDRESS 19, SLOT 24, 6ES7 132-4BD32-0AA0, 4DO DC24V/2A ST"
"DPSUBSYSTEM 1, DPADDRESS 19, SLOT 25, 6ES7 138-4CA01-0AA0, PM-E DC24V"
"DPSUBSYSTEM 1, DPADDRESS 19, SLOT 26, 6ES7 132-4BD32-0AA0, 4DO DC24V/2A ST"
"DPSUBSYSTEM 1, DPADDRESS 19, SLOT 27, 6ES7 132-4BD32-0AA0, 4DO DC24V/2A ST"
"DPSUBSYSTEM 1, DPADDRESS 19, SLOT 28, 6ES7 138-4CA01-0AA0, PM-E DC24V"
"DPSUBSYSTEM 1, DPADDRESS 19, SLOT 29, 6ES7 132-4BD32-0AA0, 4DO DC24V/2A ST"
"DPSUBSYSTEM 1, DPADDRESS 19, SLOT 30, 6ES7 132-4BD32-0AA0, 4DO DC24V/2A ST"
"DPSUBSYSTEM 1, DPADDRESS 19, SLOT 31, 6ES7 138-4CA01-0AA0, PM-E DC24V"
"DPSUBSYSTEM 1, DPADDRESS 19, SLOT 32, 6ES7 132-4BD32-0AA0, 4DO DC24V/2A ST"
"DPSUBSYSTEM 1, DPADDRESS 19, SLOT 33, 6ES7 132-4BD32-0AA0, 4DO DC24V/2A ST"
"DPSUBSYSTEM 1, DPADDRESS 19, SLOT 34, 6ES7 138-4CA01-0AA0, PM-E DC24V"
"DPSUBSYSTEM 1, DPADDRESS 19, SLOT 35, 6ES7 132-4BD32-0AA0, 4DO DC24V/2A ST"
"DPSUBSYSTEM 1, DPADDRESS 19, SLOT 36, 6ES7 132-4BD32-0AA0, 4DO DC24V/2A ST"
"DPSUBSYSTEM 1, DPADDRESS 21, 6ES7 151-1AA05-0AB0, IM151-1 Standard"
"DPSUBSYSTEM 1, DPADDRESS 21, SLOT 1, 6ES7 138-4CA01-0AA0, PM-E DC24V"
"DPSUBSYSTEM 1, DPADDRESS 21, SLOT 2, 6ES7 134-4GB01-0AB0, 2AI I 2WIRE ST"
"DPSUBSYSTEM 1, DPADDRESS 21, SLOT 3, 6ES7 134-4GB01-0AB0, 2AI I 2WIRE ST"
"DPSUBSYSTEM 1, DPADDRESS 21, SLOT 4, 6ES7 134-4GB11-0AB0, 2AI I 4WIRE ST"
"DPSUBSYSTEM 1, DPADDRESS 21, SLOT 5, 6ES7 134-4GB11-0AB0, 2AI I 4WIRE ST"
"DPSUBSYSTEM 1, DPADDRESS 21, SLOT 6, 6ES7 134-4GB11-0AB0, 2AI I 4WIRE ST"
"DPSUBSYSTEM 1, DPADDRESS 21, SLOT 7, 6ES7 134-4GB11-0AB0, 2AI I 4WIRE ST"
"DPSUBSYSTEM 1, DPADDRESS 21, SLOT 8, 6ES7 134-4GB11-0AB0, 2AI I 4WIRE ST"
"DPSUBSYSTEM 1, DPADDRESS 21, SLOT 9, 6ES7 134-4GB11-0AB0, 2AI I 4WIRE ST"
"DPSUBSYSTEM 1, DPADDRESS 21, SLOT 10, 6ES7 134-4GB11-0AB0, 2AI I 4WIRE ST"
"DPSUBSYSTEM 1, DPADDRESS 21, SLOT 11, 6ES7 134-4GB11-0AB0, 2AI I 4WIRE ST"
"DPSUBSYSTEM 1, DPADDRESS 21, SLOT 12, 6ES7 134-4GB11-0AB0, 2AI I 4WIRE ST"
"DPSUBSYSTEM 1, DPADDRESS 21, SLOT 13, 6ES7 134-4GB11-0AB0, 2AI I 4WIRE ST"
"DPSUBSYSTEM 1, DPADDRESS 21, SLOT 14, 6ES7 134-4GB11-0AB0, 2AI I 4WIRE ST"
"DPSUBSYSTEM 1, DPADDRESS 21, SLOT 15, 6ES7 134-4GB11-0AB0, 2AI I 4WIRE ST"
"DPSUBSYSTEM 1, DPADDRESS 21, SLOT 16, 6ES7 138-4CA01-0AA0, PM-E DC24V"
"DPSUBSYSTEM 1, DPADDRESS 21, SLOT 17, 6ES7 135-4GB01-0AB0, 2AO I ST"
"DPSUBSYSTEM 1, DPADDRESS 21, SLOT 18, 6ES7 135-4GB01-0AB0, 2AO I ST"
"DPSUBSYSTEM 1, DPADDRESS 22, 6ES7 151-1AA05-0AB0, IM151-1 Standard"
"DPSUBSYSTEM 1, DPADDRESS 22, SLOT 1, 6ES7 138-4CA01-0AA0, PM-E DC24V"
"DPSUBSYSTEM 1, DPADDRESS 22, SLOT 2, 6ES7 131-4BF00-0AA0, 8DI DC24V"
"DPSUBSYSTEM 1, DPADDRESS 22, SLOT 3, 6ES7 131-4BF00-0AA0, 8DI DC24V"
"DPSUBSYSTEM 1, DPADDRESS 22, SLOT 4, 6ES7 131-4BF00-0AA0, 8DI DC24V"
"DPSUBSYSTEM 1, DPADDRESS 22, SLOT 5, 6ES7 131-4BF00-0AA0, 8DI DC24V"
"DPSUBSYSTEM 1, DPADDRESS 22, SLOT 6, 6ES7 131-4BF00-0AA0, 8DI DC24V"
"DPSUBSYSTEM 1, DPADDRESS 22, SLOT 7, 6ES7 131-4BF00-0AA0, 8DI DC24V"
"DPSUBSYSTEM 1, DPADDRESS 22, SLOT 8, 6ES7 131-4BF00-0AA0, 8DI DC24V"
"DPSUBSYSTEM 1, DPADDRESS 22, SLOT 9, 6ES7 131-4BF00-0AA0, 8DI DC24V"
"DPSUBSYSTEM 1, DPADDRESS 22, SLOT 10, 6ES7 131-4BF00-0AA0, 8DI DC24V"
"DPSUBSYSTEM 1, DPADDRESS 22, SLOT 11, 6ES7 131-4BF00-0AA0, 8DI DC24V"
"DPSUBSYSTEM 1, DPADDRESS 22, SLOT 12, 6ES7 131-4BF00-0AA0, 8DI DC24V"
"DPSUBSYSTEM 1, DPADDRESS 22, SLOT 13, 6ES7 131-4BF00-0AA0, 8DI DC24V"
"DPSUBSYSTEM 1, DPADDRESS 22, SLOT 14, 6ES7 131-4BF00-0AA0, 8DI DC24V"
"DPSUBSYSTEM 1, DPADDRESS 22, SLOT 15, 6ES7 131-4BF00-0AA0, 8DI DC24V"
"DPSUBSYSTEM 1, DPADDRESS 22, SLOT 16, 6ES7 131-4BF00-0AA0, 8DI DC24V"
"DPSUBSYSTEM 1, DPADDRESS 22, SLOT 17, 6ES7 131-4BF00-0AA0, 8DI DC24V"
"DPSUBSYSTEM 1, DPADDRESS 22, SLOT 18, 6ES7 131-4BF00-0AA0, 8DI DC24V"
"DPSUBSYSTEM 1, DPADDRESS 22, SLOT 19, 6ES7 131-4BF00-0AA0, 8DI DC24V"
"DPSUBSYSTEM 1, DPADDRESS 22, SLOT 20, 6ES7 138-4CA01-0AA0, PM-E DC24V"
"DPSUBSYSTEM 1, DPADDRESS 22, SLOT 21, 6ES7 132-4BF00-0AA0, 8DO DC24V/0.5A"
"DPSUBSYSTEM 1, DPADDRESS 22, SLOT 22, 6ES7 132-4BF00-0AA0, 8DO DC24V/0.5A"
"DPSUBSYSTEM 1, DPADDRESS 22, SLOT 23, 6ES7 132-4BF00-0AA0, 8DO DC24V/0.5A"
"DPSUBSYSTEM 1, DPADDRESS 22, SLOT 24, 6ES7 132-4BF00-0AA0, 8DO DC24V/0.5A"
"DPSUBSYSTEM 1, DPADDRESS 22, SLOT 25, 6ES7 132-4BF00-0AA0, 8DO DC24V/0.5A"
"DPSUBSYSTEM 1, DPADDRESS 22, SLOT 26, 6ES7 132-4BF00-0AA0, 8DO DC24V/0.5A"
"DPSUBSYSTEM 1, DPADDRESS 22, SLOT 27, 6ES7 132-4BF00-0AA0, 8DO DC24V/0.5A"
"DPSUBSYSTEM 1, DPADDRESS 22, SLOT 28, 6ES7 132-4BF00-0AA0, 8DO DC24V/0.5A"
"DPSUBSYSTEM 1, DPADDRESS 22, SLOT 29, 6ES7 132-4BF00-0AA0, 8DO DC24V/0.5A"
"DPSUBSYSTEM 1, DPADDRESS 22, SLOT 30, 6ES7 132-4BF00-0AA0, 8DO DC24V/0.5A"
"DPSUBSYSTEM 1, DPADDRESS 23, 6ES7 151-1AA05-0AB0, IM151-1 Standard"
"DPSUBSYSTEM 1, DPADDRESS 23, SLOT 1, 6ES7 138-4CA01-0AA0, PM-E DC24V"
"DPSUBSYSTEM 1, DPADDRESS 23, SLOT 2, 6ES7 131-4BD01-0AA0, 4DI DC24V ST"
"DPSUBSYSTEM 1, DPADDRESS 23, SLOT 3, 6ES7 131-4BD01-0AA0, 4DI DC24V ST"
"DPSUBSYSTEM 1, DPADDRESS 23, SLOT 4, 6ES7 131-4BD01-0AA0, 4DI DC24V ST"
"DPSUBSYSTEM 1, DPADDRESS 23, SLOT 5, 6ES7 131-4BD01-0AA0, 4DI DC24V ST"
"DPSUBSYSTEM 1, DPADDRESS 23, SLOT 6, 6ES7 131-4BD01-0AA0, 4DI DC24V ST"
"DPSUBSYSTEM 1, DPADDRESS 23, SLOT 7, 6ES7 131-4BD01-0AA0, 4DI DC24V ST"
"DPSUBSYSTEM 1, DPADDRESS 23, SLOT 8, 6ES7 131-4BD01-0AA0, 4DI DC24V ST"
"DPSUBSYSTEM 1, DPADDRESS 23, SLOT 9, 6ES7 131-4BD01-0AA0, 4DI DC24V ST"
"DPSUBSYSTEM 1, DPADDRESS 23, SLOT 10, 6ES7 131-4BD01-0AA0, 4DI DC24V ST"
"DPSUBSYSTEM 1, DPADDRESS 23, SLOT 11, 6ES7 131-4BD01-0AA0, 4DI DC24V ST"
"DPSUBSYSTEM 1, DPADDRESS 23, SLOT 12, 6ES7 131-4BD01-0AA0, 4DI DC24V ST"
"DPSUBSYSTEM 1, DPADDRESS 23, SLOT 13, 6ES7 131-4BD01-0AA0, 4DI DC24V ST"
"DPSUBSYSTEM 1, DPADDRESS 23, SLOT 14, 6ES7 131-4BD01-0AA0, 4DI DC24V ST"
"DPSUBSYSTEM 1, DPADDRESS 23, SLOT 15, 6ES7 131-4BD01-0AA0, 4DI DC24V ST"
"DPSUBSYSTEM 1, DPADDRESS 23, SLOT 16, 6ES7 138-4CB11-0AB0, PM-E DC24/48V/ AC24/230V"
"DPSUBSYSTEM 1, DPADDRESS 23, SLOT 17, 6ES7 132-4BD32-0AA0, 4DO DC24V/2A ST"
"DPSUBSYSTEM 1, DPADDRESS 23, SLOT 18, 6ES7 132-4BD32-0AA0, 4DO DC24V/2A ST"
"DPSUBSYSTEM 1, DPADDRESS 23, SLOT 19, 6ES7 138-4CA01-0AA0, PM-E DC24V"
"DPSUBSYSTEM 1, DPADDRESS 23, SLOT 20, 6ES7 132-4BD32-0AA0, 4DO DC24V/2A ST"
"DPSUBSYSTEM 1, DPADDRESS 23, SLOT 21, 6ES7 132-4BD32-0AA0, 4DO DC24V/2A ST"
"DPSUBSYSTEM 1, DPADDRESS 23, SLOT 22, 6ES7 138-4CA01-0AA0, PM-E DC24V"
"DPSUBSYSTEM 1, DPADDRESS 23, SLOT 23, 6ES7 132-4BD32-0AA0, 4DO DC24V/2A ST"
"DPSUBSYSTEM 1, DPADDRESS 24, META\SI018070.GSE, DP/DP Coupler, Release 2"
"DPSUBSYSTEM 1, DPADDRESS 24, SLOT 1, Universal module, 192"
"DPSUBSYSTEM 1, DPADDRESS 24, SLOT 2, Universal module, 192"
"DPSUBSYSTEM 1, DPADDRESS 30, 6GK1 415-2AA10 400, DP/AS-i Link 20E"
"DPSUBSYSTEM 1, DPADDRESS 30, SLOT 2, 6GK1 415-2AA10, ETER DP/AS-i"
"DPSUBSYSTEM 1, DPADDRESS 30, SLOT 4, _S7H_GRUNDBAUGRUPPE_ASI_20_SPEC3_CT, DP/AS-i"
"DPSUBSYSTEM 1, DPADDRESS 30, TERMINALBLOCK 1, _S7H_TERMBLOCK_ASI_20ESPEC3_CT, DP/AS-i Link 20E"
"DPSUBSYSTEM 1, DPADDRESS 30, TERMINALBLOCK 1, SLOT 1, _S7H_CLASS_SC_DPASI_SLV_CT, AS-i Slave"
"DPSUBSYSTEM 1, DPADDRESS 30, TERMINALBLOCK 1, SLOT 3, _S7H_CLASS_SC_DPASI_SLV_CT, AS-i Slave"
"DPSUBSYSTEM 1, DPADDRESS 30, TERMINALBLOCK 1, SLOT 5, _S7H_CLASS_SC_DPASI_SLV_CT, AS-i Slave"
"DPSUBSYSTEM 1, DPADDRESS 30, TERMINALBLOCK 1, SLOT 7, _S7H_CLASS_SC_DPASI_SLV_CT, AS-i Slave"
"DPSUBSYSTEM 1, DPADDRESS 30, TERMINALBLOCK 1, SLOT 9, _S7H_CLASS_SC_DPASI_SLV_CT, AS-i Slave"
"DPSUBSYSTEM 1, DPADDRESS 30, TERMINALBLOCK 1, SLOT 11, _S7H_CLASS_SC_DPASI_SLV_CT, AS-i Slave"
"DPSUBSYSTEM 1, DPADDRESS 30, TERMINALBLOCK 1, SLOT 13, _S7H_CLASS_SC_DPASI_SLV_CT, AS-i Slave"
"DPSUBSYSTEM 1, DPADDRESS 30, TERMINALBLOCK 1, SLOT 15, _S7H_CLASS_SC_DPASI_SLV_CT, AS-i Slave"
"DPSUBSYSTEM 1, DPADDRESS 30, TERMINALBLOCK 1, SLOT 17, _S7H_CLASS_SC_DPASI_SLV_CT, AS-i Slave"
"DPSUBSYSTEM 1, DPADDRESS 30, TERMINALBLOCK 1, SLOT 19, _S7H_CLASS_SC_DPASI_SLV_CT, AS-i Slave"
"DPSUBSYSTEM 1, DPADDRESS 30, TERMINALBLOCK 1, SLOT 21, _S7H_CLASS_SC_DPASI_SLV_CT, AS-i Slave"
"DPSUBSYSTEM 1, DPADDRESS 30, TERMINALBLOCK 1, SLOT 23, _S7H_CLASS_SC_DPASI_SLV_CT, AS-i Slave"
"DPSUBSYSTEM 1, DPADDRESS 30, TERMINALBLOCK 1, SLOT 25, _S7H_CLASS_SC_DPASI_SLV_CT, AS-i Slave"
"DPSUBSYSTEM 1, DPADDRESS 30, TERMINALBLOCK 1, SLOT 27, _S7H_CLASS_SC_DPASI_SLV_CT, AS-i Slave"
"DPSUBSYSTEM 1, DPADDRESS 30, TERMINALBLOCK 1, SLOT 29, _S7H_CLASS_SC_DPASI_SLV_CT, AS-i Slave"
"DPSUBSYSTEM 1, DPADDRESS 30, TERMINALBLOCK 1, SLOT 31, _S7H_CLASS_SC_DPASI_SLV_CT, AS-i Slave"
"DPSUBSYSTEM 1, DPADDRESS 31, 6GK1 415-2AA10 400, DP/AS-i Link 20E"
"DPSUBSYSTEM 1, DPADDRESS 31, SLOT 2, 6GK1 415-2AA10, ETER DP/AS-i"
"DPSUBSYSTEM 1, DPADDRESS 31, SLOT 4, _S7H_GRUNDBAUGRUPPE_ASI_20_SPEC3_CT, DP/AS-i"
"DPSUBSYSTEM 1, DPADDRESS 31, TERMINALBLOCK 1, _S7H_TERMBLOCK_ASI_20ESPEC3_CT, DP/AS-i Link 20E"
"DPSUBSYSTEM 1, DPADDRESS 31, TERMINALBLOCK 1, SLOT 1, _S7H_CLASS_SC_DPASI_SLV_CT, AS-i Slave"
"DPSUBSYSTEM 1, DPADDRESS 31, TERMINALBLOCK 1, SLOT 3, _S7H_CLASS_SC_DPASI_SLV_CT, AS-i Slave"
"DPSUBSYSTEM 1, DPADDRESS 31, TERMINALBLOCK 1, SLOT 5, _S7H_CLASS_SC_DPASI_SLV_CT, AS-i Slave"
"DPSUBSYSTEM 1, DPADDRESS 31, TERMINALBLOCK 1, SLOT 7, _S7H_CLASS_SC_DPASI_SLV_CT, AS-i Slave"
"DPSUBSYSTEM 1, DPADDRESS 31, TERMINALBLOCK 1, SLOT 9, _S7H_CLASS_SC_DPASI_SLV_CT, AS-i Slave"
"DPSUBSYSTEM 1, DPADDRESS 31, TERMINALBLOCK 1, SLOT 11, _S7H_CLASS_SC_DPASI_SLV_CT, AS-i Slave"
"DPSUBSYSTEM 1, DPADDRESS 31, TERMINALBLOCK 1, SLOT 13, _S7H_CLASS_SC_DPASI_SLV_CT, AS-i Slave"
"DPSUBSYSTEM 1, DPADDRESS 31, TERMINALBLOCK 1, SLOT 15, _S7H_CLASS_SC_DPASI_SLV_CT, AS-i Slave"
"DPSUBSYSTEM 1, DPADDRESS 31, TERMINALBLOCK 1, SLOT 17, _S7H_CLASS_SC_DPASI_SLV_CT, AS-i Slave"
"DPSUBSYSTEM 1, DPADDRESS 31, TERMINALBLOCK 1, SLOT 19, _S7H_CLASS_SC_DPASI_SLV_CT, AS-i Slave"
"DPSUBSYSTEM 1, DPADDRESS 31, TERMINALBLOCK 1, SLOT 21, _S7H_CLASS_SC_DPASI_SLV_CT, AS-i Slave"
"DPSUBSYSTEM 1, DPADDRESS 31, TERMINALBLOCK 1, SLOT 23, _S7H_CLASS_SC_DPASI_SLV_CT, AS-i Slave"
"DPSUBSYSTEM 1, DPADDRESS 31, TERMINALBLOCK 1, SLOT 25, _S7H_CLASS_SC_DPASI_SLV_CT, AS-i Slave"
"DPSUBSYSTEM 1, DPADDRESS 31, TERMINALBLOCK 1, SLOT 27, _S7H_CLASS_SC_DPASI_SLV_CT, AS-i Slave"
"DPSUBSYSTEM 1, DPADDRESS 31, TERMINALBLOCK 1, SLOT 29, _S7H_CLASS_SC_DPASI_SLV_CT, AS-i Slave"
"DPSUBSYSTEM 1, DPADDRESS 31, TERMINALBLOCK 1, SLOT 31, _S7H_CLASS_SC_DPASI_SLV_CT, AS-i Slave"
"DPSUBSYSTEM 1, DPADDRESS 31, TERMINALBLOCK 1, SLOT 33, _S7H_CLASS_SC_DPASI_SLV_CT, AS-i Slave"
"DPSUBSYSTEM 1, DPADDRESS 31, TERMINALBLOCK 1, SLOT 35, _S7H_CLASS_SC_DPASI_SLV_CT, AS-i Slave"
"DPSUBSYSTEM 1, DPADDRESS 31, TERMINALBLOCK 1, SLOT 37, _S7H_CLASS_SC_DPASI_SLV_CT, AS-i Slave"
"DPSUBSYSTEM 1, DPADDRESS 31, TERMINALBLOCK 1, SLOT 39, _S7H_CLASS_SC_DPASI_SLV_CT, AS-i Slave"
"DPSUBSYSTEM 1, DPADDRESS 31, TERMINALBLOCK 1, SLOT 41, _S7H_CLASS_SC_DPASI_SLV_CT, AS-i Slave"
"DPSUBSYSTEM 1, DPADDRESS 31, TERMINALBLOCK 1, SLOT 43, _S7H_CLASS_SC_DPASI_SLV_CT, AS-i Slave"
"DPSUBSYSTEM 1, DPADDRESS 31, TERMINALBLOCK 1, SLOT 45, _S7H_CLASS_SC_DPASI_SLV_CT, AS-i Slave"
"DPSUBSYSTEM 1, DPADDRESS 31, TERMINALBLOCK 1, SLOT 47, _S7H_CLASS_SC_DPASI_SLV_CT, AS-i Slave"
"DPSUBSYSTEM 1, DPADDRESS 31, TERMINALBLOCK 1, SLOT 49, _S7H_CLASS_SC_DPASI_SLV_CT, AS-i Slave"
"DPSUBSYSTEM 1, DPADDRESS 31, TERMINALBLOCK 1, SLOT 51, _S7H_CLASS_SC_DPASI_SLV_CT, AS-i Slave"
"DPSUBSYSTEM 1, DPADDRESS 31, TERMINALBLOCK 1, SLOT 53, _S7H_CLASS_SC_DPASI_SLV_CT, AS-i Slave"
"DPSUBSYSTEM 1, DPADDRESS 31, TERMINALBLOCK 1, SLOT 55, _S7H_CLASS_SC_DPASI_SLV_CT, AS-i Slave"
"DPSUBSYSTEM 1, DPADDRESS 31, TERMINALBLOCK 1, SLOT 57, _S7H_CLASS_SC_DPASI_SLV_CT, AS-i Slave"
"DPSUBSYSTEM 1, DPADDRESS 32, 6GK1 415-2AA10 400, DP/AS-i Link 20E"
"DPSUBSYSTEM 1, DPADDRESS 32, SLOT 2, 6GK1 415-2AA10, ETER DP/AS-i"
"DPSUBSYSTEM 1, DPADDRESS 32, SLOT 4, _S7H_GRUNDBAUGRUPPE_ASI_20_SPEC3_CT, DP/AS-i"
"DPSUBSYSTEM 1, DPADDRESS 32, TERMINALBLOCK 1, _S7H_TERMBLOCK_ASI_20ESPEC3_CT, DP/AS-i Link 20E"
"DPSUBSYSTEM 1, DPADDRESS 32, TERMINALBLOCK 1, SLOT 1, _S7H_CLASS_SC_DPASI_SLV_CT, AS-i Slave"
"DPSUBSYSTEM 1, DPADDRESS 32, TERMINALBLOCK 1, SLOT 3, _S7H_CLASS_SC_DPASI_SLV_CT, AS-i Slave"
"DPSUBSYSTEM 1, DPADDRESS 32, TERMINALBLOCK 1, SLOT 5, _S7H_CLASS_SC_DPASI_SLV_CT, AS-i Slave"
"DPSUBSYSTEM 1, DPADDRESS 32, TERMINALBLOCK 1, SLOT 7, _S7H_CLASS_SC_DPASI_SLV_CT, AS-i Slave"
"DPSUBSYSTEM 1, DPADDRESS 32, TERMINALBLOCK 1, SLOT 9, _S7H_CLASS_SC_DPASI_SLV_CT, AS-i Slave"
"DPSUBSYSTEM 1, DPADDRESS 32, TERMINALBLOCK 1, SLOT 11, _S7H_CLASS_SC_DPASI_SLV_CT, AS-i Slave"
"DPSUBSYSTEM 1, DPADDRESS 32, TERMINALBLOCK 1, SLOT 13, _S7H_CLASS_SC_DPASI_SLV_CT, AS-i Slave"
"DPSUBSYSTEM 1, DPADDRESS 32, TERMINALBLOCK 1, SLOT 15, _S7H_CLASS_SC_DPASI_SLV_CT, AS-i Slave"
"DPSUBSYSTEM 1, DPADDRESS 32, TERMINALBLOCK 1, SLOT 17, _S7H_CLASS_SC_DPASI_SLV_CT, AS-i Slave"
"DPSUBSYSTEM 1, DPADDRESS 32, TERMINALBLOCK 1, SLOT 19, _S7H_CLASS_SC_DPASI_SLV_CT, AS-i Slave"
"DPSUBSYSTEM 1, DPADDRESS 32, TERMINALBLOCK 1, SLOT 21, _S7H_CLASS_SC_DPASI_SLV_CT, AS-i Slave"
"DPSUBSYSTEM 1, DPADDRESS 32, TERMINALBLOCK 1, SLOT 23, _S7H_CLASS_SC_DPASI_SLV_CT, AS-i Slave"
"DPSUBSYSTEM 1, DPADDRESS 32, TERMINALBLOCK 1, SLOT 25, _S7H_CLASS_SC_DPASI_SLV_CT, AS-i Slave"
"DPSUBSYSTEM 1, DPADDRESS 32, TERMINALBLOCK 1, SLOT 27, _S7H_CLASS_SC_DPASI_SLV_CT, AS-i Slave"
"DPSUBSYSTEM 1, DPADDRESS 32, TERMINALBLOCK 1, SLOT 29, _S7H_CLASS_SC_DPASI_SLV_CT, AS-i Slave"
"DPSUBSYSTEM 1, DPADDRESS 32, TERMINALBLOCK 1, SLOT 31, _S7H_CLASS_SC_DPASI_SLV_CT, AS-i Slave"
"DPSUBSYSTEM 1, DPADDRESS 32, TERMINALBLOCK 1, SLOT 33, _S7H_CLASS_SC_DPASI_SLV_CT, AS-i Slave"
"DPSUBSYSTEM 1, DPADDRESS 32, TERMINALBLOCK 1, SLOT 35, _S7H_CLASS_SC_DPASI_SLV_CT, AS-i Slave"
"DPSUBSYSTEM 1, DPADDRESS 32, TERMINALBLOCK 1, SLOT 37, _S7H_CLASS_SC_DPASI_SLV_CT, AS-i Slave"
"DPSUBSYSTEM 1, DPADDRESS 32, TERMINALBLOCK 1, SLOT 39, _S7H_CLASS_SC_DPASI_SLV_CT, AS-i Slave"
"DPSUBSYSTEM 1, DPADDRESS 32, TERMINALBLOCK 1, SLOT 41, _S7H_CLASS_SC_DPASI_SLV_CT, AS-i Slave"
"DPSUBSYSTEM 1, DPADDRESS 32, TERMINALBLOCK 1, SLOT 43, _S7H_CLASS_SC_DPASI_SLV_CT, AS-i Slave"
"DPSUBSYSTEM 1, DPADDRESS 32, TERMINALBLOCK 1, SLOT 45, _S7H_CLASS_SC_DPASI_SLV_CT, AS-i Slave"
"DPSUBSYSTEM 1, DPADDRESS 32, TERMINALBLOCK 1, SLOT 47, _S7H_CLASS_SC_DPASI_SLV_CT, AS-i Slave"
"DPSUBSYSTEM 1, DPADDRESS 32, TERMINALBLOCK 1, SLOT 49, _S7H_CLASS_SC_DPASI_SLV_CT, AS-i Slave"
"DPSUBSYSTEM 1, DPADDRESS 32, TERMINALBLOCK 1, SLOT 51, _S7H_CLASS_SC_DPASI_SLV_CT, AS-i Slave"
"DPSUBSYSTEM 1, DPADDRESS 32, TERMINALBLOCK 1, SLOT 53, _S7H_CLASS_SC_DPASI_SLV_CT, AS-i Slave"
"DPSUBSYSTEM 1, DPADDRESS 33, 6GK1 415-2AA10 400, DP/AS-i Link 20E"
"DPSUBSYSTEM 1, DPADDRESS 33, SLOT 2, 6GK1 415-2AA10, ETER DP/AS-i"
"DPSUBSYSTEM 1, DPADDRESS 33, SLOT 4, _S7H_GRUNDBAUGRUPPE_ASI_20_SPEC3_CT, DP/AS-i"
"DPSUBSYSTEM 1, DPADDRESS 33, TERMINALBLOCK 1, _S7H_TERMBLOCK_ASI_20ESPEC3_CT, DP/AS-i Link 20E"
"DPSUBSYSTEM 1, DPADDRESS 33, TERMINALBLOCK 1, SLOT 1, _S7H_CLASS_SC_DPASI_SLV_CT, AS-i Slave"
"DPSUBSYSTEM 1, DPADDRESS 33, TERMINALBLOCK 1, SLOT 3, _S7H_CLASS_SC_DPASI_SLV_CT, AS-i Slave"
"DPSUBSYSTEM 1, DPADDRESS 33, TERMINALBLOCK 1, SLOT 5, _S7H_CLASS_SC_DPASI_SLV_CT, AS-i Slave"
"DPSUBSYSTEM 1, DPADDRESS 33, TERMINALBLOCK 1, SLOT 7, _S7H_CLASS_SC_DPASI_SLV_CT, AS-i Slave"
"DPSUBSYSTEM 1, DPADDRESS 33, TERMINALBLOCK 1, SLOT 9, _S7H_CLASS_SC_DPASI_SLV_CT, AS-i Slave"
"DPSUBSYSTEM 1, DPADDRESS 33, TERMINALBLOCK 1, SLOT 11, _S7H_CLASS_SC_DPASI_SLV_CT, AS-i Slave"
"DPSUBSYSTEM 1, DPADDRESS 33, TERMINALBLOCK 1, SLOT 13, _S7H_CLASS_SC_DPASI_SLV_CT, AS-i Slave"
"DPSUBSYSTEM 1, DPADDRESS 33, TERMINALBLOCK 1, SLOT 15, _S7H_CLASS_SC_DPASI_SLV_CT, AS-i Slave"
"DPSUBSYSTEM 1, DPADDRESS 33, TERMINALBLOCK 1, SLOT 17, _S7H_CLASS_SC_DPASI_SLV_CT, AS-i Slave"
"DPSUBSYSTEM 1, DPADDRESS 33, TERMINALBLOCK 1, SLOT 19, _S7H_CLASS_SC_DPASI_SLV_CT, AS-i Slave"
"DPSUBSYSTEM 1, DPADDRESS 33, TERMINALBLOCK 1, SLOT 21, _S7H_CLASS_SC_DPASI_SLV_CT, AS-i Slave"
"DPSUBSYSTEM 1, DPADDRESS 33, TERMINALBLOCK 1, SLOT 23, _S7H_CLASS_SC_DPASI_SLV_CT, AS-i Slave"
"DPSUBSYSTEM 1, DPADDRESS 33, TERMINALBLOCK 1, SLOT 25, _S7H_CLASS_SC_DPASI_SLV_CT, AS-i Slave"
"DPSUBSYSTEM 1, DPADDRESS 33, TERMINALBLOCK 1, SLOT 27, _S7H_CLASS_SC_DPASI_SLV_CT, AS-i Slave"
"DPSUBSYSTEM 1, DPADDRESS 33, TERMINALBLOCK 1, SLOT 29, _S7H_CLASS_SC_DPASI_SLV_CT, AS-i Slave"
"DPSUBSYSTEM 1, DPADDRESS 33, TERMINALBLOCK 1, SLOT 31, _S7H_CLASS_SC_DPASI_SLV_CT, AS-i Slave"
"DPSUBSYSTEM 1, DPADDRESS 33, TERMINALBLOCK 1, SLOT 33, _S7H_CLASS_SC_DPASI_SLV_CT, AS-i Slave"
"DPSUBSYSTEM 1, DPADDRESS 33, TERMINALBLOCK 1, SLOT 35, _S7H_CLASS_SC_DPASI_SLV_CT, AS-i Slave"
"DPSUBSYSTEM 1, DPADDRESS 33, TERMINALBLOCK 1, SLOT 37, _S7H_CLASS_SC_DPASI_SLV_CT, AS-i Slave"
"DPSUBSYSTEM 1, DPADDRESS 33, TERMINALBLOCK 1, SLOT 39, _S7H_CLASS_SC_DPASI_SLV_CT, AS-i Slave"
"DPSUBSYSTEM 1, DPADDRESS 33, TERMINALBLOCK 1, SLOT 41, _S7H_CLASS_SC_DPASI_SLV_CT, AS-i Slave"
"DPSUBSYSTEM 1, DPADDRESS 33, TERMINALBLOCK 1, SLOT 43, _S7H_CLASS_SC_DPASI_SLV_CT, AS-i Slave"
"DPSUBSYSTEM 1, DPADDRESS 33, TERMINALBLOCK 1, SLOT 45, _S7H_CLASS_SC_DPASI_SLV_CT, AS-i Slave"
"DPSUBSYSTEM 1, DPADDRESS 33, TERMINALBLOCK 1, SLOT 47, _S7H_CLASS_SC_DPASI_SLV_CT, AS-i Slave"
"DPSUBSYSTEM 1, DPADDRESS 33, TERMINALBLOCK 1, SLOT 49, _S7H_CLASS_SC_DPASI_SLV_CT, AS-i Slave"
"DPSUBSYSTEM 1, DPADDRESS 34, ABB_0812.GSD, _____"
"DPSUBSYSTEM 1, DPADDRESS 34, SLOT 1, ??? PPO Type 4, 6AX"
"DPSUBSYSTEM 1, DPADDRESS 35, ABB_0812.GSD, _____"
"DPSUBSYSTEM 1, DPADDRESS 35, SLOT 1, ??? PPO Type 4, 6AX"
"DPSUBSYSTEM 1, DPADDRESS 41, 6ES7 151-1AA04-0AB0, IM151-1 Standard"
"DPSUBSYSTEM 1, DPADDRESS 41, SLOT 1, 6ES7 138-4CA01-0AA0, PM-E DC24V"
"DPSUBSYSTEM 1, DPADDRESS 41, SLOT 2, 6ES7 134-4GB01-0AB0, 2AI I 2WIRE ST"
"DPSUBSYSTEM 1, DPADDRESS 41, SLOT 3, 6ES7 138-4CA01-0AA0, PM-E DC24V"
"DPSUBSYSTEM 1, DPADDRESS 41, SLOT 4, 6ES7 131-4BF00-0AA0, 8DI DC24V"
"DPSUBSYSTEM 1, DPADDRESS 41, SLOT 5, 6ES7 131-4BF00-0AA0, 8DI DC24V"
"DPSUBSYSTEM 1, DPADDRESS 41, SLOT 6, 6ES7 131-4BD01-0AA0, 4DI DC24V ST"
"DPSUBSYSTEM 1, DPADDRESS 41, SLOT 7, 6ES7 138-4CA01-0AA0, PM-E DC24V"
"DPSUBSYSTEM 1, DPADDRESS 41, SLOT 8, 6ES7 132-4BF00-0AA0, 8DO DC24V/0.5A"
"DPSUBSYSTEM 1, DPADDRESS 42, 6GK1 415-2AA10 400, DP/AS-i Link 20E"
"DPSUBSYSTEM 1, DPADDRESS 42, SLOT 2, 6GK1 415-2AA10, ETER DP/AS-i"
"DPSUBSYSTEM 1, DPADDRESS 42, SLOT 4, _S7H_GRUNDBAUGRUPPE_ASI_20_SPEC3_CT, DP/AS-i"
"DPSUBSYSTEM 1, DPADDRESS 42, TERMINALBLOCK 1, _S7H_TERMBLOCK_ASI_20ESPEC3_CT, DP/AS-i Link 20E"
"DPSUBSYSTEM 2, DP12: DP master system (2)"
"DPSUBSYSTEM 2, DPADDRESS 4, 6GK1 415-2AA10 400, DP/AS-i Link 20E"
"DPSUBSYSTEM 2, DPADDRESS 4, SLOT 2, 6GK1 415-2AA10, ETER DP/AS-i"
"DPSUBSYSTEM 2, DPADDRESS 4, SLOT 4, _S7H_GRUNDBAUGRUPPE_ASI_20_SPEC3_CT, DP/AS-i"
"DPSUBSYSTEM 2, DPADDRESS 4, TERMINALBLOCK 1, _S7H_TERMBLOCK_ASI_20ESPEC3_CT, DP/AS-i Link 20E"
"DPSUBSYSTEM 2, DPADDRESS 4, TERMINALBLOCK 1, SLOT 1, _S7H_CLASS_SC_DPASI_SLV_CT, AS-i Slave"
"DPSUBSYSTEM 2, DPADDRESS 4, TERMINALBLOCK 1, SLOT 3, _S7H_CLASS_SC_DPASI_SLV_CT, AS-i Slave"
"DPSUBSYSTEM 2, DPADDRESS 4, TERMINALBLOCK 1, SLOT 5, _S7H_CLASS_SC_DPASI_SLV_CT, AS-i Slave"
"DPSUBSYSTEM 2, DPADDRESS 4, TERMINALBLOCK 1, SLOT 7, _S7H_CLASS_SC_DPASI_SLV_CT, AS-i Slave"
"DPSUBSYSTEM 2, DPADDRESS 4, TERMINALBLOCK 1, SLOT 9, _S7H_CLASS_SC_DPASI_SLV_CT, AS-i Slave"
"DPSUBSYSTEM 2, DPADDRESS 4, TERMINALBLOCK 1, SLOT 11, _S7H_CLASS_SC_DPASI_SLV_CT, AS-i Slave"
"DPSUBSYSTEM 2, DPADDRESS 4, TERMINALBLOCK 1, SLOT 13, _S7H_CLASS_SC_DPASI_SLV_CT, AS-i Slave"
"DPSUBSYSTEM 2, DPADDRESS 4, TERMINALBLOCK 1, SLOT 15, _S7H_CLASS_SC_DPASI_SLV_CT, AS-i Slave"
"DPSUBSYSTEM 2, DPADDRESS 4, TERMINALBLOCK 1, SLOT 17, _S7H_CLASS_SC_DPASI_SLV_CT, AS-i Slave"
"DPSUBSYSTEM 2, DPADDRESS 4, TERMINALBLOCK 1, SLOT 19, _S7H_CLASS_SC_DPASI_SLV_CT, AS-i Slave"
"DPSUBSYSTEM 2, DPADDRESS 4, TERMINALBLOCK 1, SLOT 21, _S7H_CLASS_SC_DPASI_SLV_CT, AS-i Slave"
"DPSUBSYSTEM 2, DPADDRESS 4, TERMINALBLOCK 1, SLOT 23, _S7H_CLASS_SC_DPASI_SLV_CT, AS-i Slave"
"DPSUBSYSTEM 2, DPADDRESS 4, TERMINALBLOCK 1, SLOT 25, _S7H_CLASS_SC_DPASI_SLV_CT, AS-i Slave"
"DPSUBSYSTEM 2, DPADDRESS 4, TERMINALBLOCK 1, SLOT 27, _S7H_CLASS_SC_DPASI_SLV_CT, AS-i Slave"
"DPSUBSYSTEM 2, DPADDRESS 4, TERMINALBLOCK 1, SLOT 29, _S7H_CLASS_SC_DPASI_SLV_CT, AS-i Slave"
"DPSUBSYSTEM 2, DPADDRESS 4, TERMINALBLOCK 1, SLOT 31, _S7H_CLASS_SC_DPASI_SLV_CT, AS-i Slave"
"DPSUBSYSTEM 2, DPADDRESS 5, ABB_0812.GSD, _____"
"DPSUBSYSTEM 2, DPADDRESS 5, SLOT 1, ??? PPO Type 4, 6AX"
"DPSUBSYSTEM 2, DPADDRESS 6, ABB_0812.GSD, _____"
"DPSUBSYSTEM 2, DPADDRESS 6, SLOT 1, ??? PPO Type 4, 6AX"
"DPSUBSYSTEM 2, DPADDRESS 7, ABB_0812.GSD, _____"
"DPSUBSYSTEM 2, DPADDRESS 7, SLOT 1, ??? PPO Type 4, 6AX"
"DPSUBSYSTEM 2, DPADDRESS 8, ABB_0812.GSD, _____"
"DPSUBSYSTEM 2, DPADDRESS 8, SLOT 1, ??? PPO Type 4, 6AX"
"DPSUBSYSTEM 2, DPADDRESS 9, ABB_0812.GSD, _____"
"DPSUBSYSTEM 2, DPADDRESS 9, SLOT 1, ??? PPO Type 4, 6AX"
"DPSUBSYSTEM 2, DPADDRESS 10, ABB_0812.GSD, _____"
"DPSUBSYSTEM 2, DPADDRESS 10, SLOT 1, ??? PPO Type 4, 6AX"
"DPSUBSYSTEM 2, DPADDRESS 11, ABB_0812.GSD, _____"
"DPSUBSYSTEM 2, DPADDRESS 11, SLOT 1, ??? PPO Type 4, 6AX"
"DPSUBSYSTEM 2, DPADDRESS 15, 6GK1 415-2AA10 400, DP/AS-i Link 20E"
"DPSUBSYSTEM 2, DPADDRESS 15, SLOT 2, 6GK1 415-2AA10, ETER DP/AS-i"
"DPSUBSYSTEM 2, DPADDRESS 15, SLOT 4, _S7H_GRUNDBAUGRUPPE_ASI_20_SPEC3_CT, DP/AS-i"
"DPSUBSYSTEM 2, DPADDRESS 15, TERMINALBLOCK 1, _S7H_TERMBLOCK_ASI_20ESPEC3_CT, DP/AS-i Link 20E"
"DPSUBSYSTEM 2, DPADDRESS 15, TERMINALBLOCK 1, SLOT 1, _S7H_CLASS_SC_DPASI_SLV_CT, AS-i Slave"
"DPSUBSYSTEM 2, DPADDRESS 15, TERMINALBLOCK 1, SLOT 3, _S7H_CLASS_SC_DPASI_SLV_CT, AS-i Slave"
"DPSUBSYSTEM 2, DPADDRESS 15, TERMINALBLOCK 1, SLOT 5, _S7H_CLASS_SC_DPASI_SLV_CT, AS-i Slave"
"DPSUBSYSTEM 2, DPADDRESS 15, TERMINALBLOCK 1, SLOT 7, _S7H_CLASS_SC_DPASI_SLV_CT, AS-i Slave"
"DPSUBSYSTEM 2, DPADDRESS 15, TERMINALBLOCK 1, SLOT 9, _S7H_CLASS_SC_DPASI_SLV_CT, AS-i Slave"
"DPSUBSYSTEM 2, DPADDRESS 15, TERMINALBLOCK 1, SLOT 11, _S7H_CLASS_SC_DPASI_SLV_CT, AS-i Slave"
"DPSUBSYSTEM 2, DPADDRESS 15, TERMINALBLOCK 1, SLOT 13, _S7H_CLASS_SC_DPASI_SLV_CT, AS-i Slave"
"DPSUBSYSTEM 2, DPADDRESS 15, TERMINALBLOCK 1, SLOT 15, _S7H_CLASS_SC_DPASI_SLV_CT, AS-i Slave"
"DPSUBSYSTEM 2, DPADDRESS 15, TERMINALBLOCK 1, SLOT 17, _S7H_CLASS_SC_DPASI_SLV_CT, AS-i Slave"
"DPSUBSYSTEM 2, DPADDRESS 15, TERMINALBLOCK 1, SLOT 19, _S7H_CLASS_SC_DPASI_SLV_CT, AS-i Slave"
"DPSUBSYSTEM 2, DPADDRESS 15, TERMINALBLOCK 1, SLOT 21, _S7H_CLASS_SC_DPASI_SLV_CT, AS-i Slave"
"DPSUBSYSTEM 2, DPADDRESS 15, TERMINALBLOCK 1, SLOT 23, _S7H_CLASS_SC_DPASI_SLV_CT, AS-i Slave"
"DPSUBSYSTEM 2, DPADDRESS 15, TERMINALBLOCK 1, SLOT 25, _S7H_CLASS_SC_DPASI_SLV_CT, AS-i Slave"
"DPSUBSYSTEM 2, DPADDRESS 15, TERMINALBLOCK 1, SLOT 27, _S7H_CLASS_SC_DPASI_SLV_CT, AS-i Slave"
"DPSUBSYSTEM 2, DPADDRESS 15, TERMINALBLOCK 1, SLOT 29, _S7H_CLASS_SC_DPASI_SLV_CT, AS-i Slave"
"DPSUBSYSTEM 2, DPADDRESS 15, TERMINALBLOCK 1, SLOT 31, _S7H_CLASS_SC_DPASI_SLV_CT, AS-i Slave"
"DPSUBSYSTEM 2, DPADDRESS 15, TERMINALBLOCK 1, SLOT 33, _S7H_CLASS_SC_DPASI_SLV_CT, AS-i Slave"
"DPSUBSYSTEM 2, DPADDRESS 15, TERMINALBLOCK 1, SLOT 35, _S7H_CLASS_SC_DPASI_SLV_CT, AS-i Slave"
"DPSUBSYSTEM 2, DPADDRESS 15, TERMINALBLOCK 1, SLOT 37, _S7H_CLASS_SC_DPASI_SLV_CT, AS-i Slave"
"DPSUBSYSTEM 2, DPADDRESS 15, TERMINALBLOCK 1, SLOT 39, _S7H_CLASS_SC_DPASI_SLV_CT, AS-i Slave"
"DPSUBSYSTEM 2, DPADDRESS 15, TERMINALBLOCK 1, SLOT 41, _S7H_CLASS_SC_DPASI_SLV_CT, AS-i Slave"
"DPSUBSYSTEM 2, DPADDRESS 15, TERMINALBLOCK 1, SLOT 43, _S7H_CLASS_SC_DPASI_SLV_CT, AS-i Slave"
"DPSUBSYSTEM 2, DPADDRESS 16, 6GK1 415-2AA10 400, DP/AS-i Link 20E"
"DPSUBSYSTEM 2, DPADDRESS 16, SLOT 2, 6GK1 415-2AA10, ETER DP/AS-i"
"DPSUBSYSTEM 2, DPADDRESS 16, SLOT 4, _S7H_GRUNDBAUGRUPPE_ASI_20_SPEC3_CT, DP/AS-i"
"DPSUBSYSTEM 2, DPADDRESS 16, TERMINALBLOCK 1, _S7H_TERMBLOCK_ASI_20ESPEC3_CT, DP/AS-i Link 20E"
"DPSUBSYSTEM 2, DPADDRESS 16, TERMINALBLOCK 1, SLOT 1, _S7H_CLASS_SC_DPASI_SLV_CT, AS-i Slave"
"DPSUBSYSTEM 2, DPADDRESS 16, TERMINALBLOCK 1, SLOT 3, _S7H_CLASS_SC_DPASI_SLV_CT, AS-i Slave"
"DPSUBSYSTEM 2, DPADDRESS 16, TERMINALBLOCK 1, SLOT 5, _S7H_CLASS_SC_DPASI_SLV_CT, AS-i Slave"
"DPSUBSYSTEM 2, DPADDRESS 16, TERMINALBLOCK 1, SLOT 7, _S7H_CLASS_SC_DPASI_SLV_CT, AS-i Slave"
"DPSUBSYSTEM 2, DPADDRESS 16, TERMINALBLOCK 1, SLOT 9, _S7H_CLASS_SC_DPASI_SLV_CT, AS-i Slave"
"DPSUBSYSTEM 2, DPADDRESS 16, TERMINALBLOCK 1, SLOT 11, _S7H_CLASS_SC_DPASI_SLV_CT, AS-i Slave"
"DPSUBSYSTEM 2, DPADDRESS 16, TERMINALBLOCK 1, SLOT 13, _S7H_CLASS_SC_DPASI_SLV_CT, AS-i Slave"
"DPSUBSYSTEM 2, DPADDRESS 16, TERMINALBLOCK 1, SLOT 15, _S7H_CLASS_SC_DPASI_SLV_CT, AS-i Slave"
"DPSUBSYSTEM 2, DPADDRESS 16, TERMINALBLOCK 1, SLOT 17, _S7H_CLASS_SC_DPASI_SLV_CT, AS-i Slave"
"DPSUBSYSTEM 2, DPADDRESS 16, TERMINALBLOCK 1, SLOT 19, _S7H_CLASS_SC_DPASI_SLV_CT, AS-i Slave"
"DPSUBSYSTEM 2, DPADDRESS 16, TERMINALBLOCK 1, SLOT 21, _S7H_CLASS_SC_DPASI_SLV_CT, AS-i Slave"
"DPSUBSYSTEM 2, DPADDRESS 16, TERMINALBLOCK 1, SLOT 23, _S7H_CLASS_SC_DPASI_SLV_CT, AS-i Slave"
"DPSUBSYSTEM 2, DPADDRESS 16, TERMINALBLOCK 1, SLOT 25, _S7H_CLASS_SC_DPASI_SLV_CT, AS-i Slave"
"DPSUBSYSTEM 2, DPADDRESS 16, TERMINALBLOCK 1, SLOT 27, _S7H_CLASS_SC_DPASI_SLV_CT, AS-i Slave"
"DPSUBSYSTEM 2, DPADDRESS 16, TERMINALBLOCK 1, SLOT 29, _S7H_CLASS_SC_DPASI_SLV_CT, AS-i Slave"
"DPSUBSYSTEM 2, DPADDRESS 16, TERMINALBLOCK 1, SLOT 31, _S7H_CLASS_SC_DPASI_SLV_CT, AS-i Slave"
"DPSUBSYSTEM 2, DPADDRESS 16, TERMINALBLOCK 1, SLOT 33, _S7H_CLASS_SC_DPASI_SLV_CT, AS-i Slave"
"DPSUBSYSTEM 2, DPADDRESS 16, TERMINALBLOCK 1, SLOT 35, _S7H_CLASS_SC_DPASI_SLV_CT, AS-i Slave"
"DPSUBSYSTEM 2, DPADDRESS 16, TERMINALBLOCK 1, SLOT 37, _S7H_CLASS_SC_DPASI_SLV_CT, AS-i Slave"
